test_y,predicted_values
33496.797,35510.164
30831.232,33089.047
28795.705,30997.408
26839.72,28844.033
24589.508,26936.088
22605.424,25436.994
20787.361,24260.793
19522.219,23190.852
19156.303,22838.404
19125.457,22423.773
19608.275,22792.904
20945.178,23786.432
22463.346,24971.49
23000.248,25812.627
23017.816,27641.686
24302.008,30041.574
25710.635,32146.03
27176.902,33891.848
30389.26,34769.887
32643.24,35530.746
35331.34,35876.48
34568.105,35895.598
33804.87,35781.918
33041.64,34955.68
32278.41,33254.848
31515.178,30773.025
28459.686,28570.234
26636.021,26589.852
23556.797,24542.893
22724.402,22725.992
20749.191,21471.87
19614.824,20728.662
18633.03,20539.186
18054.79,20533.277
18234.438,20998.055
19144.473,22206.906
20638.275,23590.316
21522.29,24562.148
23937.71,25230.07
27107.713,26651.156
29529.58,28047.705
31664.332,29670.688
32711.303,31663.371
33732.996,33284.74
34833.91,34574.516
35950.703,34160.38
35888.91,33558.25
34945.11,32664.436
32664.049,31500.607
31228.98,30028.787
29284.367,28033.836
27264.543,26549.516
25098.943,24312.74
22864.895,23144.77
21756.762,21440.766
20469.508,20538.738
19756.936,19798.973
19051.162,19641.494
19375.352,19958.176
20227.643,20809.168
21456.973,22035.357
21574.4,23225.244
22661.41,25539.922
25574.438,28081.701
28928.416,30280.068
29808.7,31947.574
31530.953,33150.582
32855.918,34123.438
32723.627,34853.367
32907.254,35292.004
33439.93,35138.63
32386.303,34327.9
29756.691,32603.648
27970.143,30736.066
26509.508,28782.885
25129.543,26962.6
23070.81,25179.44
22076.268,23220.482
20454.578,22051.28
19223.84,21059.783
18935.88,20414.014
18400.105,19848.283
18668.24,20178.494
18780.846,20816.984
20530.0,21682.795
22161.129,22268.258
21904.86,23595.152
23124.19,25930.072
24678.7,28283.137
27303.875,29745.395
29207.783,31124.326
28792.219,32296.818
29972.113,32662.486
29647.553,32620.482
29322.992,32585.463
28998.434,31672.277
28673.875,29860.63
26679.93,28184.47
25420.988,26394.48
24006.69,24851.182
22398.662,22931.78
20883.875,21954.12
19923.275,20629.63
19118.908,19448.361
17874.578,19050.674
17342.395,18700.305
17983.205,18901.607
19462.254,19424.95
19301.867,20886.102
20618.592,21993.074
23199.12,22724.953
25686.621,24122.057
27243.943,25736.562
29402.184,27661.447
30547.607,29100.414
31658.17,29633.486
32144.861,30356.666
32550.67,30202.957
32524.72,29940.387
31828.062,29476.596
30289.473,28563.094
27572.994,26839.088
26353.734,25549.188
25079.05,24268.328
23639.33,22738.494
22164.402,21401.771
21255.6,20261.633
20664.297,19626.627
20123.064,18789.717
19363.662,18528.887
19947.254,19025.38
21831.727,20157.05
22786.762,20649.697
23363.135,21746.504
25805.389,23872.629
28676.516,26277.982
30542.643,28131.719
32568.379,29918.281
34072.29,31108.508
35836.445,32090.096
36563.207,32647.547
37567.36,32887.574
37173.207,32822.785
36779.05,32133.205
34755.637,30661.672
32546.902,28422.385
31059.084,26905.498
27791.338,25505.568
25586.092,24137.785
23249.965,22791.469
21858.38,21930.252
20731.797,21352.832
20103.488,21032.18
19525.178,20832.537
19933.31,21353.266
21484.367,22754.725
23554.402,23869.082
24418.275,24854.977
25957.57,26583.354
29042.643,28651.723
32533.418,30412.256
34709.086,32117.3
35958.1,33685.44
37103.273,35065.43
39256.516,35835.285
39169.613,36206.344
39428.17,35914.914
38696.76,35274.98
35575.387,33764.223
32995.6,31855.92
30222.078,29993.586
28035.354,27700.37
26391.373,25824.787
25586.338,24035.535
22777.924,22661.635
21774.648,21547.547
20648.734,21230.238
20139.295,20930.625
20369.93,21462.9
21356.34,22617.357
23359.932,24019.592
23725.986,25156.9
26195.775,26642.365
28667.818,29141.434
31635.951,31770.455
33951.094,33923.01
35844.86,35182.336
37594.65,36343.05
38997.89,37591.285
39337.324,37692.27
39350.355,37542.727
37485.918,36678.816
35555.457,34567.8
33035.883,32157.953
31397.078,29907.027
29089.156,28048.299
26799.824,26383.275
24787.254,25217.025
22772.746,23461.875
21538.346,22540.398
20353.908,21664.33
19737.078,21346.88
20005.281,21661.562
21972.184,22459.145
23625.951,23899.256
23311.514,24707.047
24373.451,26902.959
28490.6,29155.094
32611.023,31623.393
34368.49,33432.37
35154.613,35169.797
36464.367,36589.785
37295.25,37456.293
38334.156,37716.4
38159.93,37457.86
38110.496,36297.05
35677.71,34452.977
33321.62,32142.844
31100.035,30213.094
28479.191,28422.367
25797.889,26688.598
23387.502,24901.072
22671.725,23167.447
21313.31,21971.158
20659.613,21149.82
19979.72,20920.73
20045.562,21224.84
21044.121,22668.21
22079.156,23906.047
22703.346,24511.344
24855.6,25742.348
27542.572,28550.002
30168.451,31421.162
32298.627,33176.598
33808.7,34461.234
34799.79,35516.816
35692.36,36235.062
36350.35,36615.625
36230.105,36435.992
35203.027,35980.504
32993.418,34089.066
29868.31,31924.738
27487.816,29922.521
25506.094,27677.188
23675.107,25439.63
21569.016,23558.877
20353.275,22537.633
19790.387,21397.645
19214.648,20825.607
18277.5,20364.646
17816.797,20633.207
18772.254,21331.996
19402.5,22245.332
20744.014,23092.16
22974.965,24862.555
25610.037,27186.6
27436.797,29450.0
28837.008,31369.92
30273.38,32757.674
31280.496,33790.37
31995.457,34545.617
31261.451,34766.88
30527.45,34429.82
29793.443,33449.387
29059.438,31484.889
27082.361,28908.611
24928.17,26767.57
23757.607,24950.441
22057.184,23213.61
20538.346,21489.07
19763.697,20251.008
18635.21,19550.918
17681.902,18898.602
17494.684,18184.586
16842.113,18012.838
18179.648,18882.738
18295.0,19788.922
18932.113,20986.467
20503.346,22928.332
23363.488,25320.988
25099.824,27206.371
26974.754,28720.377
27715.281,30093.285
28012.605,31028.4
27431.445,31519.87
26850.283,31314.568
26269.12,30729.492
25687.959,30016.316
23909.438,28782.049
21942.395,26833.055
20664.791,24956.377
19742.078,23525.393
18504.578,21897.498
17424.684,20448.395
16745.635,19327.709
16611.338,18322.0
15577.889,17455.467
15478.697,17131.727
16506.057,17007.332
17407.994,17984.697
18338.416,18414.268
18817.678,19134.71
20989.402,20622.168
23475.74,23081.002
25903.488,25056.104
27863.98,26732.39
27790.389,27631.447
28202.29,28226.275
28654.438,28145.361
28733.17,27781.516
28929.402,27410.729
27913.945,26635.951
25995.035,24989.213
24263.275,23007.238
22281.62,21576.17
20697.572,20280.791
18989.086,19114.76
17829.473,18048.488
17070.6,17133.805
16588.557,16695.215
16083.663,16203.511
15615.704,16178.793
15346.162,16923.916
16066.655,17783.389
17153.31,18804.89
17303.908,19705.6
18915.07,21647.818
22081.268,23845.41
24803.592,26047.5
25575.635,27746.477
27296.762,28490.65
28362.326,29134.945
28970.105,29606.545
29302.783,29638.807
29278.559,29319.436
28409.367,28377.889
26317.5,26700.197
23998.662,24681.586
21977.887,22737.26
20656.727,21249.947
19331.268,19811.893
18257.43,18467.564
17114.824,17587.432
16421.303,17038.258
15760.704,16560.996
15413.416,16274.243
15264.931,16238.407
15974.789,16964.512
17162.43,17866.795
17670.389,18416.904
20261.127,19986.998
23660.494,22620.266
25949.367,25043.477
26949.543,26340.623
28254.93,27719.166
29835.918,28719.232
30579.473,29229.967
31762.291,29334.33
30851.68,29096.74
29941.07,28303.457
29030.459,26543.87
26743.064,24462.97
25127.465,22730.414
23203.697,21433.992
20811.057,20054.076
19679.543,18890.945
18426.057,17916.88
17618.592,17297.002
17177.008,16795.627
16609.084,16686.34
17505.318,16709.889
19028.346,17447.06
19999.86,18545.102
19259.05,19414.646
21947.008,21553.377
24975.354,24248.117
28118.627,26369.104
29869.227,27758.664
31261.727,28954.932
32763.84,30112.893
33104.367,30714.697
34309.754,31220.541
33300.812,30814.19
32291.867,30152.664
31282.922,28812.195
28981.832,26633.889
26646.797,24995.807
24633.592,23316.725
22588.559,21695.867
20623.662,20388.418
19895.705,19430.838
19471.832,18815.857
18344.824,18462.045
18057.64,18306.316
18503.521,18819.082
19645.492,19883.0
21829.156,20844.094
21504.543,21217.986
23067.605,23234.861
25654.824,25753.562
30388.451,28296.598
31674.473,29908.572
33336.832,31359.793
35322.43,32539.475
36104.934,32854.37
35362.562,33296.44
34620.195,32614.951
33877.83,31780.805
33135.457,30551.566
30319.262,28497.637
28018.486,26334.129
25893.416,24595.53
23965.21,23229.135
22822.148,21572.562
21728.064,20786.004
21396.48,20290.072
21337.395,19730.08
21592.5,19352.318
21809.016,19603.004
23187.924,20553.885
24160.916,21951.588
24908.943,22409.049
24623.486,23997.018
26683.451,26338.162
29070.916,29499.6
31625.283,31130.281
32910.035,32657.408
33752.465,34005.793
34534.65,34606.645
34030.984,34248.883
33527.33,33566.12
33023.664,32952.387
32542.396,31679.332
29936.2,29549.627
28435.916,27375.643
26647.922,25698.582
25029.79,23996.877
23386.973,22990.066
22120.424,22028.6
21192.219,21592.443
20942.852,21379.037
20176.76,21598.002
20314.262,21948.871
21817.43,23004.14
22037.64,23888.664
23187.043,24545.74
25400.527,25359.004
27035.494,27242.756
29003.346,29308.115
31614.543,31190.402
33423.91,32324.53
33284.895,33073.297
34077.008,33523.176
33484.473,33160.016
32891.938,32632.25
32299.404,31948.492
30388.031,30941.754
28358.31,28865.973
26843.486,27454.188
25471.338,25814.47
23747.432,24351.627
22235.457,22957.402
21148.31,21989.2
20685.775,21188.643
20662.043,20795.904
20862.36,20385.127
21147.113,20602.404
23549.932,21603.96
25412.57,22119.598
25059.05,22977.035
25962.219,24761.232
28612.15,26721.445
31803.873,28732.643
33708.555,30602.658
34584.12,32060.486
35000.844,32562.973
35515.14,33024.75
35590.32,32784.727
35004.86,32207.441
34035.53,31488.834
31742.607,30073.977
29561.373,28048.803
27059.895,26211.826
24727.29,24972.162
22423.275,23686.123
21706.621,22445.875
20240.986,21437.826
19831.902,21033.43
19233.064,20957.34
18748.557,21250.379
19095.105,21732.027
20920.81,23216.537
22381.303,24588.822
22371.129,24985.791
23726.234,26085.156
26685.635,28253.299
29153.627,30705.562
31238.416,32384.205
32554.543,33432.293
33425.703,34161.23
33971.797,34476.332
33110.3,34291.11
32248.805,33628.656
31387.307,32717.44
30525.81,30880.1
28665.564,28622.113
26845.74,26398.111
24838.557,24474.887
22825.459,22575.02
21962.219,21547.535
21027.537,20399.414
20574.084,19864.67
19606.34,19455.92
19108.1,19182.11
19260.527,19485.244
20390.916,20707.988
22228.592,21969.434
22725.387,22468.73
24907.643,23971.242
27545.14,26270.87
29802.113,28504.453
30999.191,30322.375
31486.092,31723.842
32476.55,32619.326
32919.684,32878.875
33611.51,32421.164
33210.176,31620.402
31343.451,30764.652
28713.521,29810.426
26835.564,27972.025
24809.824,26351.643
23114.543,24663.646
20642.395,23107.97
19239.648,21900.885
18393.697,20935.2
17718.662,20459.996
16871.725,19884.088
16837.57,19786.598
17118.31,20096.25
17839.19,21028.783
19268.135,22236.236
18851.867,23011.906
20613.908,24835.902
23444.086,27025.297
25657.291,29141.648
26973.31,30399.979
27937.184,31298.44
28799.473,32147.447
29292.467,32464.281
29037.125,32644.496
28781.785,32000.398
28526.445,30674.336
26027.643,28605.504
24100.53,26378.496
22134.896,24269.662
20663.1,22579.2
18981.832,20689.78
17808.768,19346.213
17272.994,18405.814
16179.262,17779.764
15046.62,17303.799
14655.282,17231.5
14523.416,17564.656
15751.514,18480.81
17112.324,19559.96
17422.29,19799.271
19647.607,21122.441
22330.846,23297.172
24498.908,25481.207
26685.635,26944.37
27358.768,28037.13
28575.775,28805.16
28991.443,29058.396
29288.24,28705.732
28985.424,28167.44
28682.605,27635.47
26097.078,25891.94
24478.98,23925.057
22922.184,22154.734
21248.662,20678.678
19719.895,19165.42
18509.79,18176.602
17624.79,17376.553
16606.338,16609.398
15674.12,15932.227
15065.881,15679.669
15048.028,15828.421
15450.106,16852.906
16406.48,17867.943
17013.557,18740.172
18069.578,20575.924
20333.803,22825.367
21346.727,24866.469
23561.092,26738.56
25704.791,27792.068
26711.129,28702.527
26297.59,29067.236
25884.05,29083.613
25470.51,28642.27
25056.973,27976.74
24643.434,26164.318
24229.895,24400.002
22548.697,22715.234
21121.408,21205.521
19230.705,19660.682
17918.943,18508.309
17078.38,17753.213
16111.55,16912.35
15373.732,16177.5205
14892.431,15738.517
15375.106,15848.094
15653.416,16458.836
16103.239,17483.145
17050.459,18277.744
18673.31,19433.252
22207.781,21341.031
25469.365,22806.938
27358.205,24590.123
28859.086,26087.271
30251.445,26916.914
31699.367,26829.688
30805.326,26513.586
29911.285,26088.617
29017.246,25460.467
28123.205,24475.746
26378.03,23428.928
24992.078,21972.156
23092.219,20732.459
21656.514,19361.555
20511.832,18233.645
19662.467,17328.145
19290.6,16708.17
18697.36,16439.756
18242.113,16165.955
18478.627,16498.633
20267.008,17089.865
22290.387,17940.291
22065.389,18709.482
23745.035,20424.45
27327.078,23123.01
30379.156,25852.64
33011.16,27831.705
34596.55,29258.297
36284.332,30454.383
37504.473,31238.998
36595.73,30738.832
35686.99,30032.56
34778.25,29372.16
33869.508,28427.77
31330.672,26633.652
29466.691,25185.436
27017.854,23781.158
24313.768,22530.79
23490.635,21657.52
22034.402,20920.662
20282.889,20612.926
20210.668,20241.168
19799.332,20094.293
20235.105,20432.578
22372.537,21777.26
24067.078,23364.707
23190.986,23955.982
25242.078,25653.158
28317.219,28310.918
30890.424,30725.955
33344.79,32922.832
34513.312,34402.477
35486.125,35587.586
36857.22,36229.24
36765.035,35794.31
36956.62,35058.03
35117.676,34197.938
32312.465,32924.477
30390.18,30679.666
27364.86,28907.22
25191.691,26971.604
22411.973,24954.137
20999.93,23767.467
19482.219,22537.672
18547.43,21394.191
18515.14,21079.414
18009.895,20987.26
18143.521,21517.127
19289.648,22660.697
20760.986,23772.467
21572.29,24031.97
22961.832,25570.19
26607.291,27973.129
28727.361,30113.06
30610.953,31960.963
32201.445,33184.613
33333.03,34225.61
34119.332,34868.758
33243.91,34723.16
32368.486,34323.383
31493.064,32939.82
30617.643,30789.547
28712.113,28811.957
27006.127,26375.832
24824.191,24549.06
21760.564,22399.453
20339.578,21054.354
19547.254,19826.121
18423.732,19099.605
18306.938,18755.697
17855.316,18409.17
17943.875,18526.332
19284.895,19411.879
20662.746,20806.53
20603.346,21668.295
22836.797,23361.803
26306.621,26076.361
29172.605,28145.713
30412.395,29967.424
31916.2,31384.633
34153.555,32421.906
33350.188,32891.523
32546.82,32299.262
31743.453,31550.812
30940.082,30744.623
30136.715,29606.299
29333.346,27625.273
27399.191,26040.166
25481.479,24234.977
23444.613,22165.426
22159.26,20727.879
21297.113,19821.254
20317.781,19139.676
19502.148,18636.875
18554.648,18364.262
18564.578,18557.547
19388.7,19554.092
21237.184,20775.498
22116.832,21464.701
23593.416,23225.832
26402.783,25897.285
29562.57,28283.822
32143.592,29961.72
33453.805,31404.975
34839.688,32825.79
34003.105,32527.146
33166.527,31856.893
32329.951,31114.674
31493.375,30348.053
30656.797,29323.809
28055.705,28206.863
26755.775,26519.344
25519.613,24841.684
23338.91,23207.6
21295.176,22087.57
20547.36,21140.797
19814.578,20237.78
19425.424,19593.418
18522.994,19023.36
18135.53,19142.684
18991.268,19851.535
19465.74,21210.076
19978.38,22022.521
21395.53,23642.42
24400.389,26187.27
27034.191,28731.936
28926.305,30816.438
29939.895,32208.525
30799.12,33281.85
31616.021,33123.992
30865.941,32368.479
30115.863,31440.023
29365.785,30553.588
28615.705,29348.836
26719.121,27271.514
25352.924,25734.486
23512.748,24332.518
21598.416,22570.578
19706.232,20895.586
18818.38,19945.24
18011.408,19261.629
17590.81,18936.564
17160.07,18386.959
17273.908,18258.623
18281.549,18948.879
18222.043,19715.02
17853.31,20432.262
19955.986,21936.406
23270.354,24461.572
26261.76,26789.424
27780.494,28583.49
28604.156,29802.48
29850.67,30709.309
30450.777,31189.205
29638.426,30549.566
28826.074,29844.402
28013.725,29074.174
27201.375,28097.008
25252.537,26187.54
24072.959,24778.469
22896.762,23175.107
21901.727,21520.031
20879.684,19958.709
19716.549,18909.99
19150.775,18216.7
18385.775,17852.594
17170.53,17554.285
17214.084,17707.96
18455.459,18524.586
19289.754,19059.893
19523.91,19282.617
21226.164,21036.28
23786.021,23800.332
26532.889,26434.453
28272.5,28223.293
29692.29,29357.023
30444.646,30438.092
30552.5,30739.201
30235.635,30053.986
29643.803,29321.75
28338.91,28504.04
26265.67,27438.455
25371.516,25721.975
24396.725,24301.832
22038.908,23048.764
20428.803,21885.066
19536.023,20857.168
18403.486,19898.104
18371.232,19211.633
17306.832,18623.822
17040.81,17981.482
17175.67,18050.295
18052.395,18912.225
19533.592,19734.572
19256.127,20458.215
20757.36,22103.59
23937.678,24319.805
25543.697,26538.441
26801.938,28293.584
27654.297,29628.646
28451.762,30493.186
28467.748,30569.67
28275.934,30149.861
28084.121,29457.926
26995.846,28357.646
24606.973,26831.92
21960.986,25348.81
20253.945,24027.78
19512.957,22399.188
17497.148,20719.795
16612.783,19533.918
16154.612,18531.314
15531.162,18113.39
15188.943,17533.225
14725.599,17331.033
14807.007,17455.564
15643.697,18215.602
16625.178,19156.365
16937.148,19394.914
18721.48,20810.988
21718.24,23406.629
23548.1,25185.623
24993.064,26437.914
26386.973,27440.93
26858.873,28222.846
27022.324,28224.742
27439.648,27764.982
27240.248,27177.28
25860.21,26188.857
23641.408,24430.527
21958.486,22306.553
20441.76,20730.102
19644.508,19604.252
17847.465,18086.473
17066.092,17116.12
16411.164,16546.562
15419.683,15970.846
15038.9795,15561.93
14734.05,15284.17
14756.232,15455.314
15083.592,16087.706
16548.943,16955.77
16531.375,17655.64
17014.225,19382.258
20210.846,21885.416
23307.889,23891.127
25205.53,25449.287
26258.627,26685.213
26962.887,27411.549
26594.895,27424.426
26226.902,27306.676
25858.91,26800.021
25490.916,25656.861
23550.213,24088.248
22460.846,22373.87
21144.295,20828.422
19795.035,19831.008
17956.938,18611.213
16497.113,17756.152
14619.402,16983.066
14337.747,16284.427
14335.775,15795.731
14243.592,15448.146
13865.881,15513.678
14182.501,16021.066
15779.544,16995.984
16171.69,17500.66
17892.502,18582.475
19937.605,21030.611
23194.613,23496.123
24826.094,25223.43
26064.191,26141.768
27232.852,26935.543
27558.662,26810.375
27557.113,26350.994
27319.084,25702.28
26357.148,25043.49
24123.064,23628.8
21975.81,22225.994
20967.535,21027.82
19625.67,19664.674
17742.465,18177.73
16436.305,16817.084
15885.811,15601.15
15053.486,15159.413
14111.268,15056.83
13503.275,14992.713
13122.5,15008.172
13098.204,15434.208
13662.359,16396.205
14504.473,16893.361
15686.303,18579.059
18030.21,20733.254
20527.148,23242.783
22394.93,24794.186
23068.943,26119.928
23837.781,27046.691
23995.775,27293.414
23700.635,27041.281
23405.494,26498.785
23110.352,25541.986
21176.549,23703.27
19444.86,21806.137
18313.627,20439.764
16804.965,19269.496
16030.424,17825.717
14670.142,16727.213
13631.4795,15974.382
13505.563,15197.197
12962.5,14428.159
12181.69,13870.961
11614.824,13663.105
12107.781,13893.11
11946.057,14340.992
11876.62,15098.67
13125.986,16434.04
15136.515,18528.393
17127.324,20771.543
19210.775,22404.137
20183.31,23249.275
20418.697,24005.705
20082.51,24133.764
19746.32,23791.377
19410.133,23263.938
19073.943,22648.486
17286.445,21050.66
15638.909,19394.303
14567.677,18149.826
14142.254,16868.01
12928.732,15853.319
11530.388,14809.434
10979.719,13926.819
11245.846,13457.98
10921.726,12904.404
10617.395,12373.575
9854.366,12078.704
10686.479,12421.484
11157.113,12573.02
11514.895,12737.201
13330.74,13875.308
15440.105,15902.872
17793.346,17727.537
19192.854,19288.059
20426.9,20304.346
21302.678,20807.363
22307.502,20622.033
21636.373,20254.867
20965.248,19678.14
20294.121,19050.102
19622.994,17536.12
18388.17,16016.154
16680.316,14921.9
15594.402,14180.706
14152.993,13126.0625
12731.092,12077.509
11782.3955,11550.92
11350.986,11506.701
10956.831,11400.141
10381.761,11165.648
10158.311,10950.266
10372.817,11472.703
11707.641,12201.02
12186.866,12870.398
12812.184,14423.712
16206.832,16450.725
17909.12,18495.29
19362.43,19897.031
20619.332,21094.326
21642.219,21846.635
22380.354,22374.133
21724.64,21987.078
21068.928,21453.746
20413.213,20623.266
19757.5,19620.39
18300.74,18221.83
16849.438,16644.664
14588.416,15774.098
13189.366,14476.566
12483.698,13397.351
12262.535,12551.246
11842.254,12092.072
11359.014,11674.984
11082.042,11258.868
11249.648,11134.699
11332.571,11425.037
11412.289,12335.331
11152.923,12928.571
12765.423,13960.876
16529.402,16275.972
19466.832,18123.094
20397.854,19691.605
21447.324,20835.223
22344.402,21719.986
23135.422,22002.93
22872.818,21592.736
22610.213,21085.035
22347.605,20375.17
20332.818,19279.152
18861.127,17723.305
17551.973,16495.771
15882.148,15072.676
14334.508,14012.062
13283.38,13095.45
12296.233,12587.817
11103.592,12291.546
10721.761,12100.097
10362.782,11961.68
10631.655,11989.483
10399.93,12224.68
11219.859,12429.547
11546.902,12727.821
12962.324,14234.796
16412.502,16945.479
19027.008,19403.209
21421.305,20753.656
22483.594,21788.736
23563.523,22506.102
24788.38,22899.893
24312.795,22628.459
23837.207,22267.797
23361.62,21639.494
21069.016,20097.393
19316.092,18603.936
18211.584,17268.893
16611.797,16068.934
14735.881,14713.418
13613.205,13778.865
12670.07,12905.076
11911.127,12163.93
10894.014,11872.365
10646.9375,11571.122
10446.303,11617.702
10534.05,11691.622
11415.74,12332.447
12164.473,12962.212
13068.521,14446.975
15660.177,16987.836
18391.762,19305.44
20464.086,21314.006
22116.268,22467.758
23556.094,23532.66
23043.67,24107.17
22531.246,23815.352
22018.826,23243.926
21506.402,22533.7
20993.979,20906.016
19703.592,19223.822
18191.867,17879.357
17106.162,16514.258
14991.973,15116.118
13747.606,14035.255
12515.74,13244.173
11622.641,12650.3125
11135.881,11776.058
10583.346,11410.769
10485.67,11236.906
10840.528,11408.893
11016.057,12087.852
10256.232,12813.342
10962.359,13907.415
13644.965,16147.615
16887.818,18381.117
19062.254,20206.938
21749.895,21535.865
22298.17,22512.781
21885.332,22421.252
21472.494,21934.89
21059.654,21375.928
20646.816,20843.48
20233.979,19893.957
19072.326,18413.248
17794.648,17078.873
16122.748,15966.721
15054.226,14593.645
13477.36,13424.5
12247.605,12585.362
11812.676,11868.399
11615.67,11415.903
11388.17,11015.796
11194.859,10919.053
11300.635,11126.471
11159.19,11353.772
12041.339,11263.822
13436.796,12292.384
15538.487,14461.615
18149.438,17126.7
20321.832,19047.002
21929.473,20887.383
23900.53,21652.088
23370.367,21697.988
22840.205,21267.133
22310.043,20786.61
21779.88,20229.57
21249.72,19381.354
20512.5,18375.865
19384.613,17179.28
18212.818,15899.649
16523.592,14723.304
15145.317,13528.161
13559.965,12523.255
13056.127,12215.234
12685.106,11897.816
12080.563,11653.845
11943.064,11504.884
12623.697,11707.057
13287.642,12021.363
13505.459,12861.032
14545.388,14159.6
18575.67,16291.428
21103.03,18448.105
23562.078,20407.48
25433.908,21822.635
26558.594,23154.99
27286.973,23167.646
26959.895,22663.543
26632.818,22055.398
26305.74,21528.742
24335.213,20826.59
23226.021,19755.336
21746.762,18615.295
19287.607,17691.174
17022.148,16387.467
15776.515,15250.702
14957.148,14227.141
14351.127,13670.285
13501.162,13386.566
12667.219,13099.706
12599.754,13102.336
12800.458,13605.272
12729.331,14099.906
12814.543,14582.865
14346.62,15844.584
17703.91,18686.453
21377.781,21050.434
23286.27,23150.932
24801.832,24842.756
25921.41,25934.299
26914.65,26306.76
26139.57,25934.105
25364.49,25562.705
24589.41,24938.76
23814.332,23436.582
21956.34,21983.885
20469.402,20538.514
18998.03,18742.326
17452.254,17120.19
16799.719,15900.183
15881.514,15014.082
15213.874,14341.791
13869.296,13834.02
12787.676,13237.492
12619.684,13090.463
12601.866,13080.898
13328.205,13317.559
12483.451,13611.357
13464.508,15070.102
16139.895,17806.043
18085.527,20749.607
20336.443,22821.367
21562.36,24346.104
22375.564,25390.057
21746.594,25864.342
21117.621,25306.617
20488.648,24648.613
19859.678,23885.898
19230.705,22919.354
17952.324,21224.475
16361.796,19788.764
15514.753,18512.916
14229.577,17098.432
13272.923,16224.327
11635.177,15257.316
10937.817,14558.785
10446.832,13425.329
10100.563,12685.148
10270.493,12373.654
10419.859,12379.338
10716.761,12800.391
9933.134,12817.441
10053.346,13793.978
13673.486,15963.21
17218.734,17942.443
18695.775,19825.625
19607.29,20948.117
20580.176,21768.797
20005.979,21448.42
19431.783,20927.46
18857.584,20260.078
18283.389,19614.715
17709.191,18678.814
16512.992,17349.824
15282.185,15919.091
14223.24,15015.127
13025.67,13995.361
12275.916,12874.389
11092.746,11603.485
10217.712,10921.223
9728.451,10401.722
9570.599,10088.733
9337.395,10071.8545
9178.17,10210.492
9486.444,10489.871
8623.134,10326.013
9356.408,11047.818
11436.374,13675.646
14918.486,16539.592
17411.34,18343.945
17833.803,19588.375
18580.352,20405.574
19088.346,20158.979
18684.46,19599.1
18280.576,18983.475
17876.691,18370.012
16205.669,17574.717
15413.769,16305.962
14519.05,15159.523
13391.409,13946.966
12401.339,12897.403
11288.239,12072.322
10032.5,11025.991
9641.338,10295.703
8901.338,9870.634
8290.599,9595.141
8249.085,9389.75
8577.641,9328.189
9090.317,9366.177
9329.085,9254.716
10844.507,10190.251
14762.536,12116.322
16274.614,14825.262
17306.973,16892.25
18011.516,17893.035
18851.021,18746.393
19402.748,18907.902
19779.121,18481.223
19672.465,17905.852
18599.824,17421.553
17262.29,16322.649
15989.543,15353.854
15229.262,14404.172
13808.909,13728.07
12765.634,12637.686
10987.184,11526.21
10778.838,10479.307
10742.993,9998.457
10522.958,9456.822
10615.599,9100.076
10158.557,9051.312
10151.092,9281.397
10853.838,9763.575
11011.268,10225.364
12631.831,11661.463
15090.846,14433.469
17602.781,16274.09
18577.676,17554.945
19487.535,18610.902
20247.854,19543.602
21047.29,19844.582
20693.404,19899.69
20339.52,19619.137
19985.635,18787.277
18804.33,17701.191
17506.797,16406.877
15849.966,15456.978
14998.451,14183.193
14204.93,13255.233
13623.24,12010.7
12782.747,11483.686
12442.782,11215.413
12389.05,11105.405
12065.07,10958.096
11716.726,10762.029
12531.515,10915.566
13536.832,11340.477
13533.099,11729.821
14948.1,12991.21
18252.395,15311.613
20209.543,17722.023
22755.953,19244.217
23681.62,20255.318
24806.867,21020.588
25309.438,21516.916
25312.994,21174.586
25211.445,20716.48
23970.951,20307.836
21899.932,19308.445
20306.445,17998.33
18504.824,16651.967
17349.719,15926.153
16792.818,15053.3125
16076.021,14638.418
15282.501,13928.369
14690.846,13646.996
14021.761,13387.629
14010.846,13180.214
14678.134,13114.5625
15610.283,13513.52
16413.732,14114.546
16198.908,14414.292
16332.395,15735.724
18773.734,18286.438
21589.824,20447.627
23835.389,22478.658
24315.986,23576.861
25419.473,24573.395
24897.492,24802.957
24375.516,24723.521
23853.537,24447.412
23331.557,23507.969
22809.578,22013.64
21484.824,20394.682
20336.375,18849.96
18841.973,17807.576
17409.402,17237.127
16497.537,16522.092
15759.86,15681.905
15363.239,15180.263
14876.761,14602.725
14119.401,14482.223
14530.247,14778.856
15810.07,15388.543
17198.873,16082.2
15974.19,16211.143
16618.662,16890.314
19231.34,18976.494
20914.438,21224.533
22999.121,23007.602
23961.445,23828.967
25416.408,24637.193
24913.297,24377.867
24410.184,23818.178
23907.07,23227.432
23403.959,22741.045
22900.846,22123.326
22025.88,20681.064
21088.416,19565.186
19384.262,18413.678
18045.564,17302.78
17557.396,16395.205
16721.691,15664.697
16114.401,15275.257
14534.12,14887.38
14908.651,14560.616
15283.181,14705.361
15657.713,15408.299
16632.43,16188.329
17135.916,15958.04
17557.924,16767.865
18655.74,18759.271
19920.494,20669.314
21223.662,22472.332
21897.078,23483.602
23238.91,24522.602
23061.83,24192.121
22614.014,23903.848
22142.572,23389.412
21480.668,22840.139
19748.31,22006.719
20806.023,21100.887
22004.578,20076.352
21385.424,18753.904
17900.105,17677.86
17561.092,16906.793
17642.113,16056.626
17104.438,15466.537
17351.443,14560.946
17097.852,14565.586
17502.36,14692.389
17770.916,15053.301
18603.451,15530.965
19021.83,16231.569
19138.135,17208.066
20437.184,18635.037
23118.979,19743.053
24792.113,21015.297
26839.86,21905.361
26515.402,22866.275
26190.945,23013.582
25866.488,22662.896
25542.027,22189.547
25217.57,21565.984
23540.88,20466.174
22251.127,20352.777
21859.824,20438.678
20919.93,19783.021
18740.67,18171.389
17211.725,17543.81
15936.691,17445.92
14892.853,16959.307
15531.629,16947.016
16170.405,16957.334
16809.182,17368.531
17447.957,17658.78
18116.832,18320.543
18307.748,18531.89
19966.727,19139.504
19696.268,20600.861
19914.79,22658.225
21738.31,24112.037
23014.754,25308.432
23991.023,25533.62
24404.613,25461.734
24374.473,25116.406
24106.902,24661.0
23069.05,24129.65
21284.402,22941.258
19720.635,21726.287
20287.676,20980.865
19503.84,19806.559
18696.129,18034.906
16688.1,16841.445
15563.029,15822.56
15443.099,15224.911
15119.789,15344.234
15076.585,15690.063
14473.169,16181.313
14119.613,16683.285
13233.31,17252.42
13241.163,17518.777
13249.015,18771.871
13256.866,19478.033
14883.769,20360.65
16450.387,21655.32
17528.557,22761.041
17824.578,23773.328
17648.697,24036.568
17475.0,23944.326
17009.895,23370.445
15750.528,22343.812
14454.085,20748.484
13757.078,19498.754
12961.831,18960.006
12322.148,18061.521
11861.55,17291.309
10929.789,16031.955
9740.493,15143.556
9256.584,14591.167
9012.465,14061.3545
8757.888,13882.987
8700.846,13551.635
8993.697,13347.619
8925.281,12906.5625
9065.141,12932.302
9339.612,12987.242
10895.246,13619.225
13282.958,14972.674
14914.366,16350.742
16260.528,17223.262
17316.83,17554.09
16932.014,17439.7
16547.197,17016.045
16162.381,16424.553
15777.563,15481.843
15392.747,14371.597
14307.712,13505.482
13690.599,12704.41
12662.535,12086.8955
11273.38,11413.828
10876.549,10689.387
10710.704,9892.916
10614.93,9464.561
10988.521,9202.324
11085.74,9058.359
10625.951,9196.173
10999.085,9621.881
11628.9795,9987.889
11841.515,10100.69
12422.606,10686.588
14259.367,12078.191
16547.605,13880.964
18282.113,15521.938
19196.97,16837.807
19477.818,17748.324
19024.31,17690.047
18570.803,17401.701
18117.297,16946.0
17663.79,16549.014
17210.283,16020.442
15978.312,15098.305
14617.254,14446.001
13416.4795,13539.379
12143.274,12546.357
11130.071,12013.335
10339.613,11678.262
9881.901,11487.444
9478.169,11507.518
9520.211,11678.446
9060.916,11654.952
9505.563,11995.834
8710.493,12479.981
8189.4014,12851.552
8908.662,13556.296
10878.028,14921.114
13453.205,16565.654
14809.93,17996.205
15759.191,18866.25
16596.69,19314.938
16202.789,19039.184
15808.888,18602.514
15414.987,18041.236
15021.085,17471.209
14627.184,16542.541
13236.409,15515.008
11893.311,14562.414
11052.853,13579.638
9683.9795,12494.516
8651.901,11552.036
8037.3247,10849.147
7169.789,10422.358
7146.5146,10044.718
7186.831,9977.479
7250.317,9781.499
7527.3594,9909.038
7903.8384,9611.649
7603.204,9471.796
7746.514,9992.79
7889.0493,11460.312
9346.655,13367.688
10472.008,14725.707
11161.092,15793.714
12270.881,16294.375
11936.415,16173.611
11601.948,15771.384
11267.483,15370.825
10933.017,14883.814
10598.551,14253.701
10264.085,13219.508
9154.261,12207.325
8426.585,11130.926
7617.712,9832.595
6513.0283,8888.181
6363.592,8212.598
6302.183,7634.165
6122.324,7533.776
5827.2188,7566.6445
5981.5845,7731.626
6284.824,7986.9985
6669.7886,8306.726
6859.2607,8381.998
7179.683,8708.98
8476.408,9183.383
9676.69,10389.351
11257.43,11466.943
11755.951,12382.787
11645.332,13206.222
11534.714,13149.523
11424.095,12878.483
11313.476,12462.801
11202.857,12078.289
11092.238,11466.852
10981.62,10855.107
10345.317,10089.108
10130.035,9423.186
9144.93,8643.497
8363.451,7826.5845
7819.12,7439.8086
7752.571,7160.163
7241.4087,7070.7783
7254.824,7003.2534
7314.965,7085.9624
7706.3027,7308.993
7898.4507,7513.1807
7080.916,7785.2554
7645.071,8314.356
8187.3594,9423.546
9469.437,10618.868
10905.036,11963.763
11524.401,12622.063
11268.141,12854.932
11011.878,12740.224
10755.617,12603.785
10499.3545,12372.717
10243.094,12097.449
9986.831,11742.592
9135.388,11191.643
8667.993,10631.972
7883.0283,10111.866
7167.923,9415.489
6303.5566,8705.374
6118.31,8115.9272
5912.817,7836.664
5804.4014,7492.519
5731.796,7433.9653
5718.6973,7444.326
6020.1055,7632.014
6038.099,7651.6787
6307.2183,7270.491
6872.993,7683.886
8266.937,8297.229
9811.127,9557.839
10461.162,10663.736
11534.507,11457.928
12368.451,11593.681
12990.634,11411.688
12725.869,11090.336
12461.104,10700.972
12196.339,10342.578
11518.733,9901.947
11021.232,9232.994
10258.943,8583.401
9322.993,7944.392
8679.684,7320.098
8314.401,6597.952
7774.1904,6356.063
7636.7607,6258.256
7818.0635,6308.264
7804.8594,6300.6187
7759.014,6342.999
7716.1274,6615.112
8178.8735,6790.5215
8287.289,7166.7197
8805.353,7724.4043
11593.239,8911.592
13217.395,10305.493
13894.437,11343.015
14781.761,12255.155
15282.43,12954.78
15028.395,13297.901
14774.359,13116.217
14520.324,12856.058
14266.289,12523.669
14012.254,12014.889
12920.739,11376.079
11549.12,10620.842
10821.901,10105.443
10097.676,9509.03
9465.705,9077.366
9148.521,8685.413
8700.986,8566.741
8329.719,8555.926
8362.711,8597.35
8338.521,8587.664
8776.162,8719.786
9217.642,9073.458
9071.057,9222.652
10207.641,9841.13
11359.402,11719.554
13260.177,13291.254
14696.304,14284.028
15434.508,15052.206
16666.268,15429.17
16318.908,15203.013
15971.551,14920.425
15624.191,14651.072
15276.832,14387.395
14929.472,13987.52
13988.9795,12987.038
13260.669,12003.098
12141.901,11136.934
11355.247,10460.99
10550.704,9878.178
9859.789,9475.102
9258.134,9224.194
8002.923,8958.589
7343.627,8932.716
7408.979,8972.432
8121.0913,9305.648
7911.127,9602.48
8242.781,9700.841
7496.444,10523.856
9203.662,11503.679
11278.275,13040.349
12775.388,14232.6455
14351.373,15063.643
15373.346,15823.315
14894.458,15608.701
14415.57,15241.975
13936.684,14833.2705
13457.796,14546.351
12978.909,13966.652
12633.557,13200.217
11953.838,12205.277
10756.515,11398.574
10079.014,10713.885
9690.105,9958.349
8863.451,9439.1875
8168.6973,8914.146
7839.4014,8159.5835
7611.3735,7728.816
7870.9155,7673.5083
7558.134,8019.2983
8120.7397,8028.9565
7842.43,8327.926
8006.5146,8316.326
8987.289,9563.005
10075.528,11093.705
11572.148,12489.214
11271.1875,13623.823
10970.227,14325.397
10669.267,14254.253
10368.305,13869.01
10067.345,13539.024
9766.384,13028.808
9465.423,12668.604
8838.135,12100.278
8476.831,11493.511
8324.789,10631.648
7872.9224,9925.749
7107.535,9433.065
7104.5425,8655.778
7180.8804,7997.6167
6921.268,7647.3276
6646.937,7481.873
6863.873,7515.2334
7347.3945,7430.294
7688.7324,7711.2046
7721.021,7565.3633
7892.677,7915.3677
8412.571,8817.076
8857.324,9855.039
9862.923,10842.218
10416.762,11034.992
10283.628,11034.09
10150.493,10697.264
10017.359,10381.412
9884.226,10016.129
9751.092,9804.141
9617.958,9484.123
9236.304,8887.478
8830.811,8396.466
8242.395,7988.8076
7752.606,7525.3735
7339.683,6932.4834
6785.423,6815.8066
6659.0146,6737.16
6302.0776,6517.4624
6139.1553,6385.7266
6059.331,6543.0703
5914.4014,6930.88
6479.296,7178.6577
6673.944,7338.314
7167.113,7661.8706
7458.5215,8267.504
8135.0703,8998.86
8901.092,9891.555
9848.346,10461.549
9625.026,10654.756
9401.708,10578.042
9178.39,10389.625
8955.07,10160.683
8731.752,9861.337
8508.434,9620.067
8285.114,9180.313
8061.796,8704.24
7635.5283,8093.174
6868.803,7618.071
6721.585,7174.0415
6181.373,6767.591
6145.106,6468.9263
5925.845,6146.9233
5848.5566,5968.7856
5974.5073,5900.143
5958.099,5898.602
6200.2817,6218.847
6039.296,6443.1953
6222.535,6881.0986
7105.7393,7575.549
8131.021,8402.927
9220.387,9174.789
10089.296,9876.13
10765.212,10008.587
10530.62,9851.506
10296.028,9604.933
10061.4375,9347.933
9826.846,9088.363
9592.254,8780.623
8818.697,8374.181
8805.282,7931.33
7924.4717,7512.631
7004.6836,6993.9995
6762.993,6757.925
6542.641,6373.8467
6445.775,6312.6836
6364.789,6132.01
6276.937,6110.318
6226.5845,6197.66
6390.3174,6301.69
6587.1484,6556.2075
6990.81,6524.367
7443.944,6953.6562
8214.895,7745.718
9449.296,8747.1455
11139.966,9725.676
11866.972,10482.789
12686.761,11008.113
12896.162,10878.076
12846.55,10646.844
12620.916,10348.229
12395.282,10125.364
11598.028,9796.085
10905.212,9211.649
10366.55,8866.185
9497.853,8195.692
7978.0986,7623.9546
7610.669,7335.8267
7273.3457,7144.331
6951.303,7037.482
6893.2046,6867.889
6828.662,6844.991
6441.162,6868.8613
6867.4297,7132.63
7039.754,7297.3657
6712.2886,7684.6855
6851.7607,8117.7617
7588.3457,8936.172
10404.437,9997.314
12528.275,11323.384
15192.218,12162.26
16694.79,12794.494
16332.22,12899.74
15969.648,12783.29
15607.077,12459.708
15244.508,12161.706
14881.9375,11591.808
13746.057,10865.109
12929.472,10202.177
12072.219,9394.564
11243.204,8642.788
10778.943,8284.811
9974.226,8108.2466
9576.585,7895.1006
9148.592,7669.806
8905.775,7588.7515
9107.465,7525.2173
9041.338,7706.996
9633.486,7945.271
9589.578,7855.0796
9953.873,8129.662
11802.57,9019.997
14729.05,10996.273
16770.494,12741.683
17519.965,14486.025
18676.549,15488.584
18930.176,15441.655
18589.826,15121.42
18249.473,14788.346
17909.12,14412.886
16054.966,13997.674
14910.036,13258.769
14313.31,12603.587
12294.613,12056.28
10992.043,11560.247
9597.395,11176.133
8890.423,10564.114
7925.4585,10282.561
7558.979,10058.251
7406.7256,9970.954
7327.958,10106.732
7510.458,10239.42
7796.6904,10475.755
7273.627,10639.08
7605.705,11221.439
9255.67,12412.212
11584.085,14234.942
13343.134,15714.367
14813.697,16513.3
16309.437,17171.926
15908.268,17283.26
15507.1,16994.22
15105.93,16527.625
14704.761,16074.5625
14303.592,14906.705
13381.937,13760.7
12042.254,12934.391
10805.846,11596.61
9651.233,10516.673
8349.719,9472.534
7599.859,8938.334
7218.627,8302.026
7136.7964,7885.313
6914.9297,7684.6475
6905.599,7602.6147
6734.2607,7692.4526
7122.641,7948.116
6971.9365,7904.3003
7087.3594,8196.363
8344.296,9366.683
9548.662,11013.736
10985.916,12495.826
12609.402,13740.932
13910.388,14716.77
13496.972,14643.137
13083.557,14318.69
12670.142,13904.638
12256.726,13485.915
11843.311,12992.349
10891.232,12190.522
9922.712,11171.13
8608.345,10159.435
7894.894,9151.176
6960.6694,8241.599
6621.3027,7668.0083
6369.0845,7351.875
6417.0425,7124.092
6254.4014,6933.851
6208.627,6883.837
6511.796,6841.6953
6601.7256,7051.8257
6102.5,6996.603
6458.7324,7276.2153
7079.5776,8167.277
8124.3306,9424.326
9489.789,10740.275
10097.571,12053.61
10816.655,13001.724
11102.042,12917.646
10694.824,12583.04
10287.606,12162.199
9880.388,11773.005
9473.17,11194.039
8264.507,10278.72
7170.035,9506.104
7163.1694,8417.459
7249.648,7678.8696
6659.8945,6983.5723
6017.535,6523.6147
5589.789,6212.937
5365.2466,6174.3765
5672.324,6052.605
5731.479,6006.128
5810.599,6151.065
5826.7607,6210.0244
6108.9087,6026.448
6642.958,6282.0293
7832.324,7102.7183
8949.859,8258.606
9908.839,9459.111
10975.774,10164.7
11458.9795,10797.598
11224.62,10947.481
10990.261,10753.067
10755.901,10331.665
10521.542,9878.26
10287.184,9251.279
9569.578,8326.846
8476.867,7511.2163
7763.8027,7119.427
7317.887,6820.3555
6566.2324,6303.4224
6282.571,5926.1724
6108.345,5622.664
6060.9155,5380.058
6035.106,5452.756
5893.7324,5510.6387
6209.5425,5682.0273
6221.3384,5851.682
6280.6343,6086.969
6261.937,6541.482
6909.9297,7525.781
8414.895,8784.101
9756.55,9931.664
11432.395,11069.204
12214.613,11736.879
11861.667,11702.615
11508.722,11440.637
11155.774,11142.962
10802.829,10851.643
10449.883,10445.343
10096.9375,9706.086
9577.359,8751.597
8609.859,7949.916
7303.627,7423.0566
6782.5005,6890.02
6451.444,6628.7915
6216.514,6475.56
5989.0493,6381.2275
5906.69,6304.5796
5962.782,6279.3
6412.4297,6468.092
6437.6763,6553.1284
6829.3667,6635.106
6578.768,6883.7383
7856.444,7661.9673
9291.303,8993.384
10730.07,10366.635
11175.247,11704.932
11270.035,12482.613
11132.402,12422.307
10994.768,12091.908
10857.135,11724.2
10719.5,11370.026
10581.867,10815.588
9903.346,10243.221
9391.303,9543.869
8437.148,8741.941
7260.7397,7843.7437
6516.1978,7281.2476
6298.416,6777.399
5800.5986,6416.906
5666.937,6206.9014
5339.683,6199.2324
5486.866,6280.9463
5339.8594,6552.2124
5568.2397,6716.799
5712.324,6919.8228
5862.7114,7115.305
6291.0215,8187.896
7807.677,9501.2705
9311.514,10738.375
10400.563,11419.636
11356.655,11770.737
11064.028,11738.763
10771.402,11480.017
10478.775,11273.3955
10186.148,10949.181
9893.521,10640.421
9052.712,9895.376
8516.831,9206.422
7783.6274,8245.513
6657.7114,7421.3267
6169.5425,6708.8813
5887.113,6408.8364
5631.796,6109.1025
5394.1196,5888.307
5366.4087,5701.4434
5343.4155,5739.632
5194.0493,5710.715
5852.747,5861.3667
5685.81,5949.33
5781.127,6215.86
6443.0635,6881.4736
7213.592,8094.4854
8461.655,9413.878
9266.655,10511.03
10940.739,11348.201
10632.952,11249.788
10325.164,11012.3955
10017.377,10639.108
9709.589,10309.352
9401.802,9953.899
9094.014,9195.264
8198.803,8493.883
7477.148,7715.582
6070.986,6852.18
6099.613,6284.1445
5828.8384,5954.8613
5516.3027,5834.448
5480.7744,5632.4634
5255.035,5578.1313
5174.296,5546.7627
5664.1904,5591.6655
6633.662,5892.7515
6316.514,5925.4653
6501.514,6053.7563
7218.6973,6669.3916
9244.367,7470.426
11514.12,8626.922
12863.733,9476.005
14180.881,10495.674
13760.451,10444.278
13340.021,10213.481
12919.592,9831.938
12499.162,9586.373
12078.733,9249.47
10672.219,8679.888
10052.923,7958.2173
9486.374,7268.5283
8024.2256,6598.6724
7360.141,6460.595
7270.8804,6290.354
7165.5283,6104.8555
6904.683,6002.7515
6826.303,5966.4097
6846.5845,6048.581
7405.106,6379.3887
7823.1694,6936.0454
7958.9443,6882.0347
8472.888,7257.2144
9477.5,8092.161
10922.782,9614.634
12406.268,11215.244
13712.817,12434.254
13890.916,13371.833
13456.12,13264.567
13021.325,12968.145
12586.529,12522.883
12151.732,12176.771
11716.937,11666.397
11006.55,10688.888
10459.085,9996.936
9547.466,9357.295
8504.754,8472.37
7636.3384,7835.355
7058.4863,7676.313
6612.1836,7470.3765
6566.6553,7234.693
6314.8594,7197.9316
6076.092,7263.7607
6596.0215,7573.452
6673.521,7859.029
6944.8594,8126.0396
7086.3735,8608.349
8672.219,9424.89
10645.317,10617.717
11727.958,11826.68
13287.57,12875.095
14463.416,13242.995
14056.262,13018.074
13649.105,12583.64
13241.951,12101.831
12834.797,11682.424
12427.641,11182.619
11049.19,10562.106
10026.831,9843.552
9751.901,9116.042
8566.515,8323.934
7242.9224,7648.3345
6607.3594,7215.598
6502.923,6985.022
6444.2256,6827.603
6764.8945,6707.147
6366.6553,6640.849
6535.775,6956.792
6905.669,7171.1177
7126.0215,7346.753
6918.9087,7590.5435
7661.268,8842.738
9039.859,10308.117
10618.028,11468.235
11328.1,12642.883
12885.528,13541.616
12579.472,13446.885
12273.416,13130.44
11967.359,12700.293
11661.304,12273.719
11355.247,11801.765
10647.43,10827.123
10059.226,9905.035
9748.17,9213.977
9012.043,8216.725
8232.888,7392.6484
7818.2046,6836.548
7620.071,6710.8574
7583.1343,6533.9395
7308.275,6609.321
7038.521,6504.824
7359.472,6684.3047
8069.754,6932.1
7767.113,7140.4927
8316.057,7279.4663
8832.395,8001.8833
8845.0,9243.228
9506.901,10616.605
11186.62,11529.489
11918.275,12521.919
12925.0,12500.392
12527.155,12206.624
12129.311,11821.339
11731.465,11532.047
11333.62,11217.515
10935.775,10480.349
10335.635,9999.457
9525.247,9455.161
9104.014,8673.018
8823.486,7947.1055
8091.796,7729.5503
7851.444,7475.094
7813.029,7449.3716
7660.8804,7235.203
7721.7607,7134.747
8424.895,7331.983
8920.951,7768.3413
9082.007,7788.933
8898.9795,8156.1724
9630.986,8632.8955
10811.444,9151.934
11371.162,9968.402
12383.662,11118.625
13845.916,11915.128
13508.986,12376.165
13172.057,12173.758
12835.127,11854.219
12498.197,11506.569
12161.268,11086.92
11012.642,10597.1045
9712.817,9899.144
9689.296,9284.737
8960.458,8822.715
8221.092,8501.645
7913.8384,7995.2534
7730.599,7918.4497
7283.5566,7726.2793
7079.93,7681.281
6972.2188,7742.2803
7035.5635,8213.781
7328.8735,8676.915
7934.895,8761.45
7596.127,8755.666
8650.599,9546.079
11034.085,10606.567
12384.613,11452.316
13856.444,12419.554
14892.817,13486.668
14474.007,13355.689
14055.197,13025.271
13636.388,12586.361
13217.578,12161.723
12798.769,11630.861
12161.057,10693.828
10911.303,9678.59
10381.55,9286.057
9729.19,8733.264
8689.015,8208.3545
8196.021,7979.2017
7402.5703,7809.3193
7159.1904,7493.2827
7113.0986,7331.8276
6992.0776,7295.405
7218.768,7449.211
7784.3315,7754.0786
8582.5,8141.6943
9338.486,8312.307
9599.119,9213.573
10086.55,10861.971
9979.085,12192.293
9916.338,13402.772
9853.592,14140.715
9790.846,14094.562
9728.1,13714.942
9182.148,13275.658
9285.142,12874.366
9325.212,12438.954
8585.282,11827.956
8214.014,11047.682
8030.669,10371.161
7423.944,9548.456
7120.423,8619.083
6806.162,7979.398
6456.585,7335.676
6137.0776,7072.074
6212.571,6897.8457
6163.627,6797.6553
6551.937,7064.6187
6749.824,7533.539
6680.0,7980.291
6534.2607,8522.332
6648.7324,9059.743
7102.7817,9586.392
7387.148,9866.858
7367.148,10147.759
7146.7607,10315.197
7462.113,10264.176
7730.1416,10105.041
7791.9717,9707.191
7470.5635,9588.854
7140.7397,9333.512
6900.352,8653.098
6662.0073,8001.2393
6535.986,7624.2754
6203.944,7085.902
5784.085,6648.5854
5377.6763,6251.7456
5163.3804,5968.3423
5122.887,5739.5903
4802.993,5761.2114
4917.254,5779.2
5710.106,5991.326
5620.5986,6119.8545
5727.254,6199.6074
5699.8945,6172.4126
5808.0986,6509.2505
5995.8804,7135.1216
6335.352,7587.064
6799.824,7907.357
7703.416,8150.49
7523.9556,8289.962
7344.4956,8256.533
7165.035,8155.3613
6985.5757,7941.211
6806.115,7602.8813
6626.655,7188.9316
6192.7817,6766.028
6386.514,6508.494
6157.6763,6072.992
5738.8027,5611.9185
5858.733,5281.0186
5585.0,5166.343
5594.683,5020.343
5291.092,4820.419
5454.7534,4839.5996
5425.2114,5270.3623
5744.4365,5448.039
5921.268,5599.737
5963.9087,5666.33
6819.1553,5990.009
7093.4507,6358.19
7663.9443,6826.97
8277.359,7456.426
8808.028,8102.9053
8635.338,8178.086
8462.648,8007.225
8289.958,7806.0166
8117.268,7546.533
7944.5776,7354.1587
7746.0215,7064.281
7166.8667,6686.475
6603.803,6637.948
6238.5215,6389.0596
5909.366,6079.878
5655.1055,5991.7197
5558.8735,5804.864
5491.796,5734.1523
5162.8525,5579.7803
5044.5776,5682.037
5284.296,5824.966
5783.7324,6157.4463
6045.9507,6355.2393
5897.0073,6521.7407
6236.866,7060.839
6609.5073,7457.8257
7228.803,7977.608
7843.592,8457.661
8245.353,8932.744
8063.6035,8905.354
7881.855,8738.344
7700.1055,8507.73
7518.357,8329.79
7336.608,8119.454
7154.8594,7756.1235
6521.3027,7184.5967
6579.8945,6698.957
5628.8384,6344.9453
5251.3735,6044.629
5107.5,5810.1304
5064.5073,5682.279
5004.8594,5529.838
4906.3735,5339.235
5020.387,5303.4253
4955.1406,5528.253
5444.1904,5852.841
5653.134,6089.2524
5831.127,6067.4414
6035.845,6514.4976
6472.2183,6998.7744
7273.8384,7578.6562
8217.817,8153.449
8973.311,8598.157
8741.145,8531.933
8508.9795,8365.248
8276.813,8166.3433
8044.6484,7914.386
7812.4824,7693.4805
7580.317,7386.663
6924.5425,6883.563
6989.683,6671.8354
6082.1836,6068.8438
